{
  "meta": {
    "generation": 6,
    "source": "imported-data",
    "branding": "Pokimons"
  },
  "species": [
    {
      "nationalDex": 650,
      "id": "chespin",
      "displayName": "Chespin",
      "inGameName": "Chespin",
      "types": [
        "grass"
      ],
      "baseStats": {
        "hp": 56,
        "atk": 61,
        "def": 65,
        "spAtk": 48,
        "spDef": 45,
        "spd": 38
      },
      "rarity": "common",
      "catchRate": 45,
      "moves": [
        "tackle",
        "vine_whip",
        "pin_missile"
      ]
    },
    {
      "nationalDex": 655,
      "id": "delphox",
      "displayName": "Delphox",
      "inGameName": "Delphox",
      "types": [
        "fire",
        "psychic"
      ],
      "baseStats": {
        "hp": 75,
        "atk": 69,
        "def": 72,
        "spAtk": 114,
        "spDef": 100,
        "spd": 104
      },
      "rarity": "rare",
      "catchRate": 45,
      "moves": [
        "psyshock",
        "fire_blast",
        "mystical_fire"
      ]
    },
    {
      "nationalDex": 716,
      "id": "xerneas",
      "displayName": "Xerneas",
      "inGameName": "Xerneas",
      "types": [
        "fairy"
      ],
      "baseStats": {
        "hp": 126,
        "atk": 131,
        "def": 95,
        "spAtk": 131,
        "spDef": 98,
        "spd": 99
      },
      "rarity": "legendary",
      "catchRate": 3,
      "moves": [
        "geomancy",
        "moonblast"
      ]
    }
  ]
}